"","date","count","package"
"1",2020-08-01,66,"palmerpenguins"
"2",2020-08-02,62,"palmerpenguins"
"3",2020-08-03,80,"palmerpenguins"
"4",2020-08-04,97,"palmerpenguins"
"5",2020-08-05,68,"palmerpenguins"
"6",2020-08-06,83,"palmerpenguins"
"7",2020-08-07,96,"palmerpenguins"
"8",2020-08-08,60,"palmerpenguins"
"9",2020-08-09,35,"palmerpenguins"
"10",2020-08-10,65,"palmerpenguins"
"11",2020-08-11,70,"palmerpenguins"
"12",2020-08-12,85,"palmerpenguins"
"13",2020-08-13,61,"palmerpenguins"
"14",2020-08-14,44,"palmerpenguins"
"15",2020-08-15,28,"palmerpenguins"
"16",2020-08-16,22,"palmerpenguins"
"17",2020-08-17,127,"palmerpenguins"
"18",2020-08-18,74,"palmerpenguins"
"19",2020-08-19,121,"palmerpenguins"
"20",2020-08-20,154,"palmerpenguins"
"21",2020-08-21,63,"palmerpenguins"
"22",2020-08-22,43,"palmerpenguins"
"23",2020-08-23,42,"palmerpenguins"
"24",2020-08-24,73,"palmerpenguins"
"25",2020-08-25,78,"palmerpenguins"
"26",2020-08-26,80,"palmerpenguins"
"27",2020-08-27,114,"palmerpenguins"
"28",2020-08-28,87,"palmerpenguins"
"29",2020-08-29,72,"palmerpenguins"
"30",2020-08-30,44,"palmerpenguins"
"31",2020-08-31,101,"palmerpenguins"
"32",2020-09-01,135,"palmerpenguins"
"33",2020-09-02,164,"palmerpenguins"
"34",2020-09-03,296,"palmerpenguins"
"35",2020-09-04,146,"palmerpenguins"
"36",2020-09-05,70,"palmerpenguins"
"37",2020-09-06,68,"palmerpenguins"
"38",2020-09-07,81,"palmerpenguins"
"39",2020-09-08,171,"palmerpenguins"
"40",2020-09-09,234,"palmerpenguins"
"41",2020-09-10,282,"palmerpenguins"
"42",2020-09-11,197,"palmerpenguins"
"43",2020-09-12,102,"palmerpenguins"
"44",2020-09-13,153,"palmerpenguins"
"45",2020-09-14,204,"palmerpenguins"
"46",2020-09-15,749,"palmerpenguins"
"47",2020-09-16,418,"palmerpenguins"
"48",2020-09-17,374,"palmerpenguins"
"49",2020-09-18,308,"palmerpenguins"
"50",2020-09-19,251,"palmerpenguins"
"51",2020-09-20,207,"palmerpenguins"
"52",2020-09-21,267,"palmerpenguins"
"53",2020-09-22,423,"palmerpenguins"
"54",2020-09-23,794,"palmerpenguins"
"55",2020-09-24,369,"palmerpenguins"
"56",2020-09-25,422,"palmerpenguins"
"57",2020-09-26,214,"palmerpenguins"
"58",2020-09-27,331,"palmerpenguins"
"59",2020-09-28,375,"palmerpenguins"
"60",2020-09-29,324,"palmerpenguins"
"61",2020-09-30,358,"palmerpenguins"
"62",2020-10-01,325,"palmerpenguins"
"63",2020-10-02,304,"palmerpenguins"
"64",2020-10-03,205,"palmerpenguins"
"65",2020-10-04,327,"palmerpenguins"
"66",2020-10-05,352,"palmerpenguins"
"67",2020-10-06,612,"palmerpenguins"
"68",2020-10-07,518,"palmerpenguins"
"69",2020-10-08,696,"palmerpenguins"
"70",2020-10-09,420,"palmerpenguins"
"71",2020-10-10,172,"palmerpenguins"
"72",2020-10-11,185,"palmerpenguins"
"73",2020-10-12,360,"palmerpenguins"
"74",2020-10-13,534,"palmerpenguins"
"75",2020-10-14,255,"palmerpenguins"
"76",2020-10-15,339,"palmerpenguins"
"77",2020-10-16,360,"palmerpenguins"
"78",2020-10-17,135,"palmerpenguins"
"79",2020-10-18,165,"palmerpenguins"
"80",2020-10-19,359,"palmerpenguins"
"81",2020-10-20,335,"palmerpenguins"
"82",2020-10-21,329,"palmerpenguins"
"83",2020-10-22,308,"palmerpenguins"
"84",2020-10-23,240,"palmerpenguins"
"85",2020-10-24,218,"palmerpenguins"
"86",2020-10-25,189,"palmerpenguins"
"87",2020-10-26,344,"palmerpenguins"
"88",2020-10-27,282,"palmerpenguins"
"89",2020-10-28,247,"palmerpenguins"
"90",2020-10-29,306,"palmerpenguins"
"91",2020-10-30,298,"palmerpenguins"
"92",2020-10-31,188,"palmerpenguins"
"93",2020-11-01,182,"palmerpenguins"
"94",2020-11-02,307,"palmerpenguins"
"95",2020-11-03,339,"palmerpenguins"
"96",2020-11-04,263,"palmerpenguins"
"97",2020-11-05,211,"palmerpenguins"
"98",2020-11-06,254,"palmerpenguins"
"99",2020-11-07,131,"palmerpenguins"
"100",2020-11-08,145,"palmerpenguins"
"101",2020-11-09,286,"palmerpenguins"
"102",2020-11-10,414,"palmerpenguins"
"103",2020-11-11,499,"palmerpenguins"
"104",2020-11-12,466,"palmerpenguins"
"105",2020-11-13,343,"palmerpenguins"
"106",2020-11-14,189,"palmerpenguins"
"107",2020-11-15,258,"palmerpenguins"
"108",2020-11-16,384,"palmerpenguins"
"109",2020-11-17,429,"palmerpenguins"
"110",2020-11-18,281,"palmerpenguins"
"111",2020-11-19,286,"palmerpenguins"
"112",2020-11-20,292,"palmerpenguins"
"113",2020-11-21,126,"palmerpenguins"
"114",2020-11-22,150,"palmerpenguins"
"115",2020-11-23,297,"palmerpenguins"
"116",2020-11-24,373,"palmerpenguins"
"117",2020-11-25,186,"palmerpenguins"
"118",2020-11-26,205,"palmerpenguins"
"119",2020-11-27,153,"palmerpenguins"
"120",2020-11-28,120,"palmerpenguins"
"121",2020-11-29,143,"palmerpenguins"
"122",2020-11-30,338,"palmerpenguins"
"123",2020-12-01,453,"palmerpenguins"
"124",2020-12-02,384,"palmerpenguins"
"125",2020-12-03,372,"palmerpenguins"
"126",2020-12-04,353,"palmerpenguins"
"127",2020-12-05,126,"palmerpenguins"
"128",2020-12-06,151,"palmerpenguins"
"129",2020-12-07,274,"palmerpenguins"
"130",2020-12-08,358,"palmerpenguins"
"131",2020-12-09,428,"palmerpenguins"
"132",2020-12-10,355,"palmerpenguins"
"133",2020-12-11,331,"palmerpenguins"
"134",2020-12-12,144,"palmerpenguins"
"135",2020-12-13,214,"palmerpenguins"
"136",2020-12-14,276,"palmerpenguins"
"137",2020-12-15,389,"palmerpenguins"
"138",2020-12-16,279,"palmerpenguins"
"139",2020-12-17,287,"palmerpenguins"
"140",2020-12-18,167,"palmerpenguins"
"141",2020-12-19,95,"palmerpenguins"
"142",2020-12-20,96,"palmerpenguins"
"143",2020-12-21,229,"palmerpenguins"
"144",2020-12-22,213,"palmerpenguins"
"145",2020-12-23,101,"palmerpenguins"
"146",2020-12-24,136,"palmerpenguins"
"147",2020-12-25,57,"palmerpenguins"
"148",2020-12-26,152,"palmerpenguins"
"149",2020-12-27,161,"palmerpenguins"
"150",2020-12-28,109,"palmerpenguins"
"151",2020-12-29,116,"palmerpenguins"
"152",2020-12-30,132,"palmerpenguins"
"153",2020-12-31,110,"palmerpenguins"
"154",2021-01-01,55,"palmerpenguins"
"155",2021-01-02,82,"palmerpenguins"
"156",2021-01-03,159,"palmerpenguins"
"157",2021-01-04,203,"palmerpenguins"
"158",2021-01-05,291,"palmerpenguins"
"159",2021-01-06,211,"palmerpenguins"
"160",2021-01-07,191,"palmerpenguins"
"161",2021-01-08,255,"palmerpenguins"
"162",2021-01-09,136,"palmerpenguins"
"163",2021-01-10,256,"palmerpenguins"
"164",2021-01-11,540,"palmerpenguins"
"165",2021-01-12,974,"palmerpenguins"
"166",2021-01-13,1086,"palmerpenguins"
"167",2021-01-14,476,"palmerpenguins"
"168",2021-01-15,390,"palmerpenguins"
"169",2021-01-16,387,"palmerpenguins"
"170",2021-01-17,353,"palmerpenguins"
"171",2021-01-18,629,"palmerpenguins"
"172",2021-01-19,911,"palmerpenguins"
"173",2021-01-20,345,"palmerpenguins"
"174",2021-01-21,507,"palmerpenguins"
"175",2021-01-22,454,"palmerpenguins"
"176",2021-01-23,297,"palmerpenguins"
"177",2021-01-24,308,"palmerpenguins"
"178",2021-01-25,480,"palmerpenguins"
"179",2021-01-26,455,"palmerpenguins"
"180",2021-01-27,459,"palmerpenguins"
"181",2021-01-28,745,"palmerpenguins"
"182",2021-01-29,644,"palmerpenguins"
"183",2021-01-30,441,"palmerpenguins"
"184",2021-01-31,354,"palmerpenguins"
"185",2021-02-01,897,"palmerpenguins"
"186",2021-02-02,684,"palmerpenguins"
"187",2021-02-03,693,"palmerpenguins"
"188",2021-02-04,564,"palmerpenguins"
"189",2021-02-05,639,"palmerpenguins"
"190",2021-02-06,267,"palmerpenguins"
"191",2021-02-07,329,"palmerpenguins"
"192",2021-02-08,646,"palmerpenguins"
"193",2021-02-09,546,"palmerpenguins"
"194",2021-02-10,533,"palmerpenguins"
"195",2021-02-11,555,"palmerpenguins"
"196",2021-02-12,536,"palmerpenguins"
"197",2021-02-13,278,"palmerpenguins"
"198",2021-02-14,259,"palmerpenguins"
"199",2021-02-15,440,"palmerpenguins"
"200",2021-02-16,524,"palmerpenguins"
"201",2021-02-17,464,"palmerpenguins"
"202",2021-02-18,591,"palmerpenguins"
"203",2021-02-19,421,"palmerpenguins"
"204",2021-02-20,221,"palmerpenguins"
"205",2021-02-21,243,"palmerpenguins"
"206",2021-02-22,512,"palmerpenguins"
"207",2021-02-23,692,"palmerpenguins"
"208",2021-02-24,690,"palmerpenguins"
"209",2021-02-25,624,"palmerpenguins"
"210",2021-02-26,545,"palmerpenguins"
"211",2021-02-27,341,"palmerpenguins"
"212",2021-02-28,284,"palmerpenguins"
"213",2021-03-01,797,"palmerpenguins"
"214",2021-03-02,574,"palmerpenguins"
"215",2021-03-03,558,"palmerpenguins"
"216",2021-03-04,528,"palmerpenguins"
"217",2021-03-05,650,"palmerpenguins"
"218",2021-03-06,598,"palmerpenguins"
"219",2021-03-07,648,"palmerpenguins"
"220",2021-03-08,1224,"palmerpenguins"
"221",2021-03-09,759,"palmerpenguins"
"222",2021-03-10,943,"palmerpenguins"
"223",2021-03-11,1053,"palmerpenguins"
"224",2021-03-12,920,"palmerpenguins"
"225",2021-03-13,552,"palmerpenguins"
"226",2021-03-14,579,"palmerpenguins"
"227",2021-03-15,899,"palmerpenguins"
"228",2021-03-16,844,"palmerpenguins"
"229",2021-03-17,777,"palmerpenguins"
"230",2021-03-18,826,"palmerpenguins"
"231",2021-03-19,725,"palmerpenguins"
"232",2021-03-20,524,"palmerpenguins"
"233",2021-03-21,564,"palmerpenguins"
"234",2021-03-22,794,"palmerpenguins"
"235",2021-03-23,766,"palmerpenguins"
"236",2021-03-24,782,"palmerpenguins"
"237",2021-03-25,891,"palmerpenguins"
"238",2021-03-26,753,"palmerpenguins"
"239",2021-03-27,469,"palmerpenguins"
"240",2021-03-28,560,"palmerpenguins"
"241",2021-03-29,785,"palmerpenguins"
"242",2021-03-30,838,"palmerpenguins"
"243",2021-03-31,803,"palmerpenguins"
"244",2021-04-01,697,"palmerpenguins"
"245",2021-04-02,541,"palmerpenguins"
"246",2021-04-03,421,"palmerpenguins"
"247",2021-04-04,377,"palmerpenguins"
"248",2021-04-05,629,"palmerpenguins"
"249",2021-04-06,704,"palmerpenguins"
"250",2021-04-07,730,"palmerpenguins"
"251",2021-04-08,919,"palmerpenguins"
"252",2021-04-09,697,"palmerpenguins"
"253",2021-04-10,497,"palmerpenguins"
"254",2021-04-11,463,"palmerpenguins"
"255",2021-04-12,707,"palmerpenguins"
"256",2021-04-13,679,"palmerpenguins"
"257",2021-04-14,820,"palmerpenguins"
"258",2021-04-15,852,"palmerpenguins"
"259",2021-04-16,782,"palmerpenguins"
"260",2021-04-17,556,"palmerpenguins"
"261",2021-04-18,613,"palmerpenguins"
"262",2021-04-19,795,"palmerpenguins"
"263",2021-04-20,850,"palmerpenguins"
"264",2021-04-21,832,"palmerpenguins"
"265",2021-04-22,935,"palmerpenguins"
"266",2021-04-23,800,"palmerpenguins"
"267",2021-04-24,632,"palmerpenguins"
"268",2021-04-25,549,"palmerpenguins"
"269",2021-04-26,849,"palmerpenguins"
"270",2021-04-27,825,"palmerpenguins"
"271",2021-04-28,820,"palmerpenguins"
"272",2021-04-29,749,"palmerpenguins"
"273",2021-04-30,754,"palmerpenguins"
"274",2021-05-01,432,"palmerpenguins"
"275",2021-05-02,462,"palmerpenguins"
"276",2021-05-03,660,"palmerpenguins"
"277",2021-05-04,784,"palmerpenguins"
"278",2021-05-05,774,"palmerpenguins"
"279",2021-05-06,789,"palmerpenguins"
"280",2021-05-07,800,"palmerpenguins"
"281",2021-05-08,610,"palmerpenguins"
"282",2021-05-09,525,"palmerpenguins"
"283",2021-05-10,677,"palmerpenguins"
"284",2021-05-11,692,"palmerpenguins"
"285",2021-05-12,837,"palmerpenguins"
"286",2021-05-13,773,"palmerpenguins"
"287",2021-05-14,690,"palmerpenguins"
"288",2021-05-15,504,"palmerpenguins"
"289",2021-05-16,629,"palmerpenguins"
"290",2021-05-17,917,"palmerpenguins"
"291",2021-05-18,879,"palmerpenguins"
"292",2021-05-19,1062,"palmerpenguins"
"293",2021-05-20,1005,"palmerpenguins"
"294",2021-05-21,869,"palmerpenguins"
"295",2021-05-22,527,"palmerpenguins"
"296",2021-05-23,539,"palmerpenguins"
"297",2021-05-24,826,"palmerpenguins"
"298",2021-05-25,897,"palmerpenguins"
"299",2021-05-26,836,"palmerpenguins"
"300",2021-05-27,738,"palmerpenguins"
"301",2021-05-28,697,"palmerpenguins"
"302",2021-05-29,586,"palmerpenguins"
"303",2021-05-30,531,"palmerpenguins"
"304",2021-05-31,743,"palmerpenguins"
"305",2021-06-01,918,"palmerpenguins"
"306",2021-06-02,773,"palmerpenguins"
"307",2021-06-03,791,"palmerpenguins"
"308",2021-06-04,714,"palmerpenguins"
"309",2021-06-05,543,"palmerpenguins"
"310",2021-06-06,488,"palmerpenguins"
"311",2021-06-07,767,"palmerpenguins"
"312",2021-06-08,898,"palmerpenguins"
"313",2021-06-09,744,"palmerpenguins"
"314",2021-06-10,830,"palmerpenguins"
"315",2021-06-11,737,"palmerpenguins"
"316",2021-06-12,515,"palmerpenguins"
"317",2021-06-13,596,"palmerpenguins"
"318",2021-06-14,814,"palmerpenguins"
"319",2021-06-15,939,"palmerpenguins"
"320",2021-06-16,839,"palmerpenguins"
"321",2021-06-17,784,"palmerpenguins"
"322",2021-06-18,674,"palmerpenguins"
"323",2021-06-19,551,"palmerpenguins"
"324",2021-06-20,596,"palmerpenguins"
"325",2021-06-21,812,"palmerpenguins"
"326",2021-06-22,1088,"palmerpenguins"
"327",2021-06-23,974,"palmerpenguins"
"328",2021-06-24,855,"palmerpenguins"
"329",2021-06-25,777,"palmerpenguins"
"330",2021-06-26,608,"palmerpenguins"
"331",2021-06-27,765,"palmerpenguins"
"332",2021-06-28,980,"palmerpenguins"
"333",2021-06-29,812,"palmerpenguins"
"334",2021-06-30,811,"palmerpenguins"
"335",2021-07-01,844,"palmerpenguins"
"336",2021-07-02,686,"palmerpenguins"
"337",2021-07-03,675,"palmerpenguins"
"338",2021-07-04,684,"palmerpenguins"
"339",2021-07-05,803,"palmerpenguins"
"340",2021-07-06,907,"palmerpenguins"
"341",2021-07-07,967,"palmerpenguins"
"342",2021-07-08,859,"palmerpenguins"
"343",2021-07-09,763,"palmerpenguins"
"344",2021-07-10,577,"palmerpenguins"
"345",2021-07-11,500,"palmerpenguins"
"346",2021-07-12,1020,"palmerpenguins"
"347",2021-07-13,906,"palmerpenguins"
"348",2021-07-14,853,"palmerpenguins"
"349",2021-07-15,949,"palmerpenguins"
"350",2021-07-16,671,"palmerpenguins"
"351",2021-07-17,496,"palmerpenguins"
"352",2021-07-18,569,"palmerpenguins"
"353",2021-07-19,800,"palmerpenguins"
"354",2021-07-20,872,"palmerpenguins"
"355",2021-07-21,1024,"palmerpenguins"
"356",2021-07-22,961,"palmerpenguins"
"357",2021-07-23,784,"palmerpenguins"
"358",2021-07-24,572,"palmerpenguins"
"359",2021-07-25,644,"palmerpenguins"
"360",2021-07-26,1290,"palmerpenguins"
"361",2021-07-27,1106,"palmerpenguins"
"362",2021-07-28,880,"palmerpenguins"
"363",2021-07-29,813,"palmerpenguins"
"364",2021-07-30,849,"palmerpenguins"
"365",2021-07-31,596,"palmerpenguins"
"366",2021-08-01,647,"palmerpenguins"
"367",2021-08-02,886,"palmerpenguins"
"368",2021-08-03,889,"palmerpenguins"
"369",2021-08-04,1008,"palmerpenguins"
"370",2021-08-05,916,"palmerpenguins"
"371",2021-08-06,745,"palmerpenguins"
"372",2021-08-07,461,"palmerpenguins"
"373",2021-08-08,579,"palmerpenguins"
"374",2021-08-09,1279,"palmerpenguins"
"375",2021-08-10,1146,"palmerpenguins"
"376",2021-08-11,989,"palmerpenguins"
"377",2021-08-12,931,"palmerpenguins"
"378",2021-08-13,750,"palmerpenguins"
"379",2021-08-14,468,"palmerpenguins"
"380",2021-08-15,460,"palmerpenguins"
"381",2021-08-16,859,"palmerpenguins"
"382",2021-08-17,746,"palmerpenguins"
"383",2021-08-18,651,"palmerpenguins"
"384",2021-08-19,752,"palmerpenguins"
"385",2021-08-20,755,"palmerpenguins"
"386",2021-08-21,405,"palmerpenguins"
"387",2021-08-22,495,"palmerpenguins"
"388",2021-08-23,813,"palmerpenguins"
"389",2021-08-24,720,"palmerpenguins"
"390",2021-08-25,928,"palmerpenguins"
"391",2021-08-26,808,"palmerpenguins"
"392",2021-08-27,753,"palmerpenguins"
"393",2021-08-28,449,"palmerpenguins"
"394",2021-08-29,425,"palmerpenguins"
"395",2021-08-30,957,"palmerpenguins"
"396",2021-08-31,966,"palmerpenguins"
"397",2021-09-01,799,"palmerpenguins"
"398",2021-09-02,1113,"palmerpenguins"
"399",2021-09-03,828,"palmerpenguins"
"400",2021-09-04,535,"palmerpenguins"
"401",2021-09-05,564,"palmerpenguins"
"402",2021-09-06,1055,"palmerpenguins"
"403",2021-09-07,1029,"palmerpenguins"
"404",2021-09-08,1097,"palmerpenguins"
"405",2021-09-09,1537,"palmerpenguins"
"406",2021-09-10,1119,"palmerpenguins"
"407",2021-09-11,619,"palmerpenguins"
"408",2021-09-12,584,"palmerpenguins"
"409",2021-09-13,1815,"palmerpenguins"
"410",2021-09-14,1279,"palmerpenguins"
"411",2021-09-15,1169,"palmerpenguins"
"412",2021-09-16,1135,"palmerpenguins"
"413",2021-09-17,884,"palmerpenguins"
"414",2021-09-18,612,"palmerpenguins"
"415",2021-09-19,529,"palmerpenguins"
"416",2021-09-20,1152,"palmerpenguins"
"417",2021-09-21,1080,"palmerpenguins"
"418",2021-09-22,1110,"palmerpenguins"
"419",2021-09-23,1346,"palmerpenguins"
"420",2021-09-24,955,"palmerpenguins"
"421",2021-09-25,575,"palmerpenguins"
"422",2021-09-26,647,"palmerpenguins"
"423",2021-09-27,938,"palmerpenguins"
"424",2021-09-28,1058,"palmerpenguins"
"425",2021-09-29,1347,"palmerpenguins"
"426",2021-09-30,1258,"palmerpenguins"
"427",2021-10-01,974,"palmerpenguins"
"428",2021-10-02,530,"palmerpenguins"
"429",2021-10-03,532,"palmerpenguins"
"430",2021-10-04,1023,"palmerpenguins"
"431",2021-10-05,1268,"palmerpenguins"
"432",2021-10-06,1140,"palmerpenguins"
"433",2021-10-07,1111,"palmerpenguins"
"434",2021-10-08,1033,"palmerpenguins"
"435",2021-10-09,536,"palmerpenguins"
"436",2021-10-10,570,"palmerpenguins"
"437",2021-10-11,950,"palmerpenguins"
"438",2021-10-12,1056,"palmerpenguins"
"439",2021-10-13,1075,"palmerpenguins"
"440",2021-10-14,937,"palmerpenguins"
"441",2021-10-15,853,"palmerpenguins"
"442",2021-10-16,460,"palmerpenguins"
"443",2021-10-17,476,"palmerpenguins"
"444",2021-10-18,1045,"palmerpenguins"
"445",2021-10-19,1005,"palmerpenguins"
"446",2021-10-20,895,"palmerpenguins"
"447",2021-10-21,983,"palmerpenguins"
"448",2021-10-22,933,"palmerpenguins"
"449",2021-10-23,591,"palmerpenguins"
"450",2021-10-24,606,"palmerpenguins"
"451",2021-10-25,940,"palmerpenguins"
"452",2021-10-26,1239,"palmerpenguins"
"453",2021-10-27,1185,"palmerpenguins"
"454",2021-10-28,949,"palmerpenguins"
"455",2021-10-29,964,"palmerpenguins"
"456",2021-10-30,455,"palmerpenguins"
"457",2021-10-31,520,"palmerpenguins"
"458",2021-11-01,958,"palmerpenguins"
"459",2021-11-02,999,"palmerpenguins"
"460",2021-11-03,966,"palmerpenguins"
"461",2021-11-04,915,"palmerpenguins"
"462",2021-11-05,885,"palmerpenguins"
"463",2021-11-06,493,"palmerpenguins"
"464",2021-11-07,495,"palmerpenguins"
"465",2021-11-08,1181,"palmerpenguins"
"466",2021-11-09,1015,"palmerpenguins"
"467",2021-11-10,1370,"palmerpenguins"
"468",2021-11-11,1131,"palmerpenguins"
"469",2021-11-12,926,"palmerpenguins"
"470",2021-11-13,637,"palmerpenguins"
"471",2021-11-14,588,"palmerpenguins"
"472",2021-11-15,1184,"palmerpenguins"
"473",2021-11-16,1088,"palmerpenguins"
"474",2021-11-17,1107,"palmerpenguins"
"475",2021-11-18,987,"palmerpenguins"
"476",2021-11-19,910,"palmerpenguins"
"477",2021-11-20,518,"palmerpenguins"
"478",2021-11-21,572,"palmerpenguins"
"479",2021-11-22,930,"palmerpenguins"
"480",2021-11-23,1091,"palmerpenguins"
"481",2021-11-24,820,"palmerpenguins"
"482",2021-11-25,799,"palmerpenguins"
"483",2021-11-26,686,"palmerpenguins"
"484",2021-11-27,548,"palmerpenguins"
"485",2021-11-28,471,"palmerpenguins"
"486",2021-11-29,789,"palmerpenguins"
"487",2021-11-30,979,"palmerpenguins"
"488",2021-12-01,911,"palmerpenguins"
"489",2020-08-01,15,"distill"
"490",2020-08-02,20,"distill"
"491",2020-08-03,40,"distill"
"492",2020-08-04,76,"distill"
"493",2020-08-05,48,"distill"
"494",2020-08-06,50,"distill"
"495",2020-08-07,50,"distill"
"496",2020-08-08,40,"distill"
"497",2020-08-09,43,"distill"
"498",2020-08-10,59,"distill"
"499",2020-08-11,43,"distill"
"500",2020-08-12,50,"distill"
"501",2020-08-13,54,"distill"
"502",2020-08-14,46,"distill"
"503",2020-08-15,34,"distill"
"504",2020-08-16,35,"distill"
"505",2020-08-17,34,"distill"
"506",2020-08-18,59,"distill"
"507",2020-08-19,48,"distill"
"508",2020-08-20,63,"distill"
"509",2020-08-21,82,"distill"
"510",2020-08-22,43,"distill"
"511",2020-08-23,50,"distill"
"512",2020-08-24,121,"distill"
"513",2020-08-25,69,"distill"
"514",2020-08-26,71,"distill"
"515",2020-08-27,86,"distill"
"516",2020-08-28,50,"distill"
"517",2020-08-29,50,"distill"
"518",2020-08-30,27,"distill"
"519",2020-08-31,56,"distill"
"520",2020-09-01,49,"distill"
"521",2020-09-02,61,"distill"
"522",2020-09-03,58,"distill"
"523",2020-09-04,42,"distill"
"524",2020-09-05,41,"distill"
"525",2020-09-06,44,"distill"
"526",2020-09-07,53,"distill"
"527",2020-09-08,50,"distill"
"528",2020-09-09,72,"distill"
"529",2020-09-10,70,"distill"
"530",2020-09-11,73,"distill"
"531",2020-09-12,48,"distill"
"532",2020-09-13,40,"distill"
"533",2020-09-14,78,"distill"
"534",2020-09-15,87,"distill"
"535",2020-09-16,54,"distill"
"536",2020-09-17,71,"distill"
"537",2020-09-18,50,"distill"
"538",2020-09-19,41,"distill"
"539",2020-09-20,42,"distill"
"540",2020-09-21,68,"distill"
"541",2020-09-22,63,"distill"
"542",2020-09-23,66,"distill"
"543",2020-09-24,34,"distill"
"544",2020-09-25,43,"distill"
"545",2020-09-26,31,"distill"
"546",2020-09-27,31,"distill"
"547",2020-09-28,62,"distill"
"548",2020-09-29,50,"distill"
"549",2020-09-30,61,"distill"
"550",2020-10-01,43,"distill"
"551",2020-10-02,48,"distill"
"552",2020-10-03,40,"distill"
"553",2020-10-04,37,"distill"
"554",2020-10-05,62,"distill"
"555",2020-10-06,43,"distill"
"556",2020-10-07,52,"distill"
"557",2020-10-08,44,"distill"
"558",2020-10-09,54,"distill"
"559",2020-10-10,37,"distill"
"560",2020-10-11,50,"distill"
"561",2020-10-12,63,"distill"
"562",2020-10-13,71,"distill"
"563",2020-10-14,63,"distill"
"564",2020-10-15,91,"distill"
"565",2020-10-16,41,"distill"
"566",2020-10-17,37,"distill"
"567",2020-10-18,41,"distill"
"568",2020-10-19,48,"distill"
"569",2020-10-20,52,"distill"
"570",2020-10-21,56,"distill"
"571",2020-10-22,128,"distill"
"572",2020-10-23,106,"distill"
"573",2020-10-24,79,"distill"
"574",2020-10-25,90,"distill"
"575",2020-10-26,128,"distill"
"576",2020-10-27,133,"distill"
"577",2020-10-28,97,"distill"
"578",2020-10-29,135,"distill"
"579",2020-10-30,83,"distill"
"580",2020-10-31,51,"distill"
"581",2020-11-01,54,"distill"
"582",2020-11-02,82,"distill"
"583",2020-11-03,132,"distill"
"584",2020-11-04,49,"distill"
"585",2020-11-05,95,"distill"
"586",2020-11-06,67,"distill"
"587",2020-11-07,58,"distill"
"588",2020-11-08,41,"distill"
"589",2020-11-09,60,"distill"
"590",2020-11-10,47,"distill"
"591",2020-11-11,64,"distill"
"592",2020-11-12,67,"distill"
"593",2020-11-13,60,"distill"
"594",2020-11-14,32,"distill"
"595",2020-11-15,57,"distill"
"596",2020-11-16,61,"distill"
"597",2020-11-17,51,"distill"
"598",2020-11-18,84,"distill"
"599",2020-11-19,76,"distill"
"600",2020-11-20,69,"distill"
"601",2020-11-21,46,"distill"
"602",2020-11-22,52,"distill"
"603",2020-11-23,59,"distill"
"604",2020-11-24,56,"distill"
"605",2020-11-25,37,"distill"
"606",2020-11-26,73,"distill"
"607",2020-11-27,53,"distill"
"608",2020-11-28,36,"distill"
"609",2020-11-29,50,"distill"
"610",2020-11-30,205,"distill"
"611",2020-12-01,64,"distill"
"612",2020-12-02,101,"distill"
"613",2020-12-03,147,"distill"
"614",2020-12-04,110,"distill"
"615",2020-12-05,88,"distill"
"616",2020-12-06,56,"distill"
"617",2020-12-07,264,"distill"
"618",2020-12-08,299,"distill"
"619",2020-12-09,207,"distill"
"620",2020-12-10,162,"distill"
"621",2020-12-11,122,"distill"
"622",2020-12-12,106,"distill"
"623",2020-12-13,81,"distill"
"624",2020-12-14,171,"distill"
"625",2020-12-15,109,"distill"
"626",2020-12-16,100,"distill"
"627",2020-12-17,93,"distill"
"628",2020-12-18,94,"distill"
"629",2020-12-19,80,"distill"
"630",2020-12-20,76,"distill"
"631",2020-12-21,93,"distill"
"632",2020-12-22,103,"distill"
"633",2020-12-23,98,"distill"
"634",2020-12-24,53,"distill"
"635",2020-12-25,48,"distill"
"636",2020-12-26,52,"distill"
"637",2020-12-27,57,"distill"
"638",2020-12-28,85,"distill"
"639",2020-12-29,68,"distill"
"640",2020-12-30,69,"distill"
"641",2020-12-31,55,"distill"
"642",2021-01-01,37,"distill"
"643",2021-01-02,89,"distill"
"644",2021-01-03,64,"distill"
"645",2021-01-04,131,"distill"
"646",2021-01-05,110,"distill"
"647",2021-01-06,80,"distill"
"648",2021-01-07,67,"distill"
"649",2021-01-08,50,"distill"
"650",2021-01-09,53,"distill"
"651",2021-01-10,48,"distill"
"652",2021-01-11,150,"distill"
"653",2021-01-12,71,"distill"
"654",2021-01-13,222,"distill"
"655",2021-01-14,197,"distill"
"656",2021-01-15,134,"distill"
"657",2021-01-16,105,"distill"
"658",2021-01-17,81,"distill"
"659",2021-01-18,117,"distill"
"660",2021-01-19,174,"distill"
"661",2021-01-20,160,"distill"
"662",2021-01-21,147,"distill"
"663",2021-01-22,166,"distill"
"664",2021-01-23,167,"distill"
"665",2021-01-24,181,"distill"
"666",2021-01-25,223,"distill"
"667",2021-01-26,144,"distill"
"668",2021-01-27,131,"distill"
"669",2021-01-28,93,"distill"
"670",2021-01-29,117,"distill"
"671",2021-01-30,96,"distill"
"672",2021-01-31,113,"distill"
"673",2021-02-01,156,"distill"
"674",2021-02-02,144,"distill"
"675",2021-02-03,137,"distill"
"676",2021-02-04,148,"distill"
"677",2021-02-05,126,"distill"
"678",2021-02-06,56,"distill"
"679",2021-02-07,78,"distill"
"680",2021-02-08,112,"distill"
"681",2021-02-09,84,"distill"
"682",2021-02-10,136,"distill"
"683",2021-02-11,94,"distill"
"684",2021-02-12,107,"distill"
"685",2021-02-13,67,"distill"
"686",2021-02-14,48,"distill"
"687",2021-02-15,106,"distill"
"688",2021-02-16,155,"distill"
"689",2021-02-17,113,"distill"
"690",2021-02-18,99,"distill"
"691",2021-02-19,86,"distill"
"692",2021-02-20,61,"distill"
"693",2021-02-21,55,"distill"
"694",2021-02-22,110,"distill"
"695",2021-02-23,155,"distill"
"696",2021-02-24,170,"distill"
"697",2021-02-25,100,"distill"
"698",2021-02-26,138,"distill"
"699",2021-02-27,116,"distill"
"700",2021-02-28,116,"distill"
"701",2021-03-01,123,"distill"
"702",2021-03-02,160,"distill"
"703",2021-03-03,125,"distill"
"704",2021-03-04,130,"distill"
"705",2021-03-05,158,"distill"
"706",2021-03-06,108,"distill"
"707",2021-03-07,112,"distill"
"708",2021-03-08,127,"distill"
"709",2021-03-09,168,"distill"
"710",2021-03-10,159,"distill"
"711",2021-03-11,164,"distill"
"712",2021-03-12,80,"distill"
"713",2021-03-13,89,"distill"
"714",2021-03-14,71,"distill"
"715",2021-03-15,105,"distill"
"716",2021-03-16,99,"distill"
"717",2021-03-17,87,"distill"
"718",2021-03-18,114,"distill"
"719",2021-03-19,82,"distill"
"720",2021-03-20,56,"distill"
"721",2021-03-21,52,"distill"
"722",2021-03-22,100,"distill"
"723",2021-03-23,80,"distill"
"724",2021-03-24,91,"distill"
"725",2021-03-25,72,"distill"
"726",2021-03-26,86,"distill"
"727",2021-03-27,73,"distill"
"728",2021-03-28,66,"distill"
"729",2021-03-29,75,"distill"
"730",2021-03-30,91,"distill"
"731",2021-03-31,101,"distill"
"732",2021-04-01,74,"distill"
"733",2021-04-02,63,"distill"
"734",2021-04-03,55,"distill"
"735",2021-04-04,61,"distill"
"736",2021-04-05,70,"distill"
"737",2021-04-06,99,"distill"
"738",2021-04-07,118,"distill"
"739",2021-04-08,93,"distill"
"740",2021-04-09,60,"distill"
"741",2021-04-10,61,"distill"
"742",2021-04-11,62,"distill"
"743",2021-04-12,80,"distill"
"744",2021-04-13,94,"distill"
"745",2021-04-14,81,"distill"
"746",2021-04-15,63,"distill"
"747",2021-04-16,66,"distill"
"748",2021-04-17,39,"distill"
"749",2021-04-18,77,"distill"
"750",2021-04-19,69,"distill"
"751",2021-04-20,91,"distill"
"752",2021-04-21,105,"distill"
"753",2021-04-22,88,"distill"
"754",2021-04-23,67,"distill"
"755",2021-04-24,72,"distill"
"756",2021-04-25,44,"distill"
"757",2021-04-26,75,"distill"
"758",2021-04-27,90,"distill"
"759",2021-04-28,90,"distill"
"760",2021-04-29,104,"distill"
"761",2021-04-30,69,"distill"
"762",2021-05-01,57,"distill"
"763",2021-05-02,40,"distill"
"764",2021-05-03,66,"distill"
"765",2021-05-04,96,"distill"
"766",2021-05-05,91,"distill"
"767",2021-05-06,97,"distill"
"768",2021-05-07,84,"distill"
"769",2021-05-08,105,"distill"
"770",2021-05-09,55,"distill"
"771",2021-05-10,73,"distill"
"772",2021-05-11,107,"distill"
"773",2021-05-12,106,"distill"
"774",2021-05-13,80,"distill"
"775",2021-05-14,116,"distill"
"776",2021-05-15,82,"distill"
"777",2021-05-16,86,"distill"
"778",2021-05-17,76,"distill"
"779",2021-05-18,130,"distill"
"780",2021-05-19,144,"distill"
"781",2021-05-20,129,"distill"
"782",2021-05-21,148,"distill"
"783",2021-05-22,134,"distill"
"784",2021-05-23,80,"distill"
"785",2021-05-24,93,"distill"
"786",2021-05-25,142,"distill"
"787",2021-05-26,141,"distill"
"788",2021-05-27,108,"distill"
"789",2021-05-28,92,"distill"
"790",2021-05-29,66,"distill"
"791",2021-05-30,77,"distill"
"792",2021-05-31,129,"distill"
"793",2021-06-01,99,"distill"
"794",2021-06-02,77,"distill"
"795",2021-06-03,86,"distill"
"796",2021-06-04,66,"distill"
"797",2021-06-05,68,"distill"
"798",2021-06-06,63,"distill"
"799",2021-06-07,80,"distill"
"800",2021-06-08,96,"distill"
"801",2021-06-09,121,"distill"
"802",2021-06-10,110,"distill"
"803",2021-06-11,99,"distill"
"804",2021-06-12,57,"distill"
"805",2021-06-13,67,"distill"
"806",2021-06-14,78,"distill"
"807",2021-06-15,87,"distill"
"808",2021-06-16,119,"distill"
"809",2021-06-17,112,"distill"
"810",2021-06-18,98,"distill"
"811",2021-06-19,65,"distill"
"812",2021-06-20,83,"distill"
"813",2021-06-21,123,"distill"
"814",2021-06-22,107,"distill"
"815",2021-06-23,109,"distill"
"816",2021-06-24,120,"distill"
"817",2021-06-25,82,"distill"
"818",2021-06-26,68,"distill"
"819",2021-06-27,63,"distill"
"820",2021-06-28,127,"distill"
"821",2021-06-29,87,"distill"
"822",2021-06-30,111,"distill"
"823",2021-07-01,108,"distill"
"824",2021-07-02,114,"distill"
"825",2021-07-03,75,"distill"
"826",2021-07-04,94,"distill"
"827",2021-07-05,97,"distill"
"828",2021-07-06,103,"distill"
"829",2021-07-07,107,"distill"
"830",2021-07-08,159,"distill"
"831",2021-07-09,127,"distill"
"832",2021-07-10,61,"distill"
"833",2021-07-11,59,"distill"
"834",2021-07-12,99,"distill"
"835",2021-07-13,108,"distill"
"836",2021-07-14,144,"distill"
"837",2021-07-15,96,"distill"
"838",2021-07-16,95,"distill"
"839",2021-07-17,63,"distill"
"840",2021-07-18,68,"distill"
"841",2021-07-19,79,"distill"
"842",2021-07-20,87,"distill"
"843",2021-07-21,102,"distill"
"844",2021-07-22,92,"distill"
"845",2021-07-23,83,"distill"
"846",2021-07-24,62,"distill"
"847",2021-07-25,45,"distill"
"848",2021-07-26,92,"distill"
"849",2021-07-27,92,"distill"
"850",2021-07-28,97,"distill"
"851",2021-07-29,70,"distill"
"852",2021-07-30,70,"distill"
"853",2021-07-31,49,"distill"
"854",2021-08-01,47,"distill"
"855",2021-08-02,83,"distill"
"856",2021-08-03,106,"distill"
"857",2021-08-04,187,"distill"
"858",2021-08-05,74,"distill"
"859",2021-08-06,101,"distill"
"860",2021-08-07,54,"distill"
"861",2021-08-08,58,"distill"
"862",2021-08-09,129,"distill"
"863",2021-08-10,114,"distill"
"864",2021-08-11,119,"distill"
"865",2021-08-12,104,"distill"
"866",2021-08-13,107,"distill"
"867",2021-08-14,78,"distill"
"868",2021-08-15,78,"distill"
"869",2021-08-16,165,"distill"
"870",2021-08-17,99,"distill"
"871",2021-08-18,112,"distill"
"872",2021-08-19,147,"distill"
"873",2021-08-20,112,"distill"
"874",2021-08-21,75,"distill"
"875",2021-08-22,87,"distill"
"876",2021-08-23,147,"distill"
"877",2021-08-24,216,"distill"
"878",2021-08-25,157,"distill"
"879",2021-08-26,158,"distill"
"880",2021-08-27,145,"distill"
"881",2021-08-28,114,"distill"
"882",2021-08-29,100,"distill"
"883",2021-08-30,149,"distill"
"884",2021-08-31,164,"distill"
"885",2021-09-01,152,"distill"
"886",2021-09-02,152,"distill"
"887",2021-09-03,152,"distill"
"888",2021-09-04,57,"distill"
"889",2021-09-05,79,"distill"
"890",2021-09-06,83,"distill"
"891",2021-09-07,123,"distill"
"892",2021-09-08,149,"distill"
"893",2021-09-09,150,"distill"
"894",2021-09-10,161,"distill"
"895",2021-09-11,74,"distill"
"896",2021-09-12,87,"distill"
"897",2021-09-13,127,"distill"
"898",2021-09-14,179,"distill"
"899",2021-09-15,133,"distill"
"900",2021-09-16,126,"distill"
"901",2021-09-17,135,"distill"
"902",2021-09-18,126,"distill"
"903",2021-09-19,76,"distill"
"904",2021-09-20,113,"distill"
"905",2021-09-21,98,"distill"
"906",2021-09-22,142,"distill"
"907",2021-09-23,110,"distill"
"908",2021-09-24,134,"distill"
"909",2021-09-25,71,"distill"
"910",2021-09-26,116,"distill"
"911",2021-09-27,141,"distill"
"912",2021-09-28,142,"distill"
"913",2021-09-29,137,"distill"
"914",2021-09-30,133,"distill"
"915",2021-10-01,114,"distill"
"916",2021-10-02,67,"distill"
"917",2021-10-03,63,"distill"
"918",2021-10-04,122,"distill"
"919",2021-10-05,112,"distill"
"920",2021-10-06,117,"distill"
"921",2021-10-07,89,"distill"
"922",2021-10-08,84,"distill"
"923",2021-10-09,77,"distill"
"924",2021-10-10,66,"distill"
"925",2021-10-11,134,"distill"
"926",2021-10-12,104,"distill"
"927",2021-10-13,208,"distill"
"928",2021-10-14,250,"distill"
"929",2021-10-15,210,"distill"
"930",2021-10-16,126,"distill"
"931",2021-10-17,136,"distill"
"932",2021-10-18,201,"distill"
"933",2021-10-19,216,"distill"
"934",2021-10-20,128,"distill"
"935",2021-10-21,143,"distill"
"936",2021-10-22,120,"distill"
"937",2021-10-23,103,"distill"
"938",2021-10-24,91,"distill"
"939",2021-10-25,154,"distill"
"940",2021-10-26,185,"distill"
"941",2021-10-27,224,"distill"
"942",2021-10-28,132,"distill"
"943",2021-10-29,119,"distill"
"944",2021-10-30,63,"distill"
"945",2021-10-31,84,"distill"
"946",2021-11-01,146,"distill"
"947",2021-11-02,156,"distill"
"948",2021-11-03,134,"distill"
"949",2021-11-04,144,"distill"
"950",2021-11-05,129,"distill"
"951",2021-11-06,95,"distill"
"952",2021-11-07,114,"distill"
"953",2021-11-08,175,"distill"
"954",2021-11-09,151,"distill"
"955",2021-11-10,194,"distill"
"956",2021-11-11,149,"distill"
"957",2021-11-12,108,"distill"
"958",2021-11-13,111,"distill"
"959",2021-11-14,88,"distill"
"960",2021-11-15,132,"distill"
"961",2021-11-16,123,"distill"
"962",2021-11-17,134,"distill"
"963",2021-11-18,102,"distill"
"964",2021-11-19,95,"distill"
"965",2021-11-20,56,"distill"
"966",2021-11-21,88,"distill"
"967",2021-11-22,113,"distill"
"968",2021-11-23,106,"distill"
"969",2021-11-24,107,"distill"
"970",2021-11-25,99,"distill"
"971",2021-11-26,81,"distill"
"972",2021-11-27,84,"distill"
"973",2021-11-28,68,"distill"
"974",2021-11-29,115,"distill"
"975",2021-11-30,104,"distill"
"976",2021-12-01,127,"distill"
"977",2020-08-01,161,"blogdown"
"978",2020-08-02,141,"blogdown"
"979",2020-08-03,320,"blogdown"
"980",2020-08-04,252,"blogdown"
"981",2020-08-05,292,"blogdown"
"982",2020-08-06,243,"blogdown"
"983",2020-08-07,240,"blogdown"
"984",2020-08-08,205,"blogdown"
"985",2020-08-09,192,"blogdown"
"986",2020-08-10,237,"blogdown"
"987",2020-08-11,244,"blogdown"
"988",2020-08-12,250,"blogdown"
"989",2020-08-13,272,"blogdown"
"990",2020-08-14,227,"blogdown"
"991",2020-08-15,572,"blogdown"
"992",2020-08-16,179,"blogdown"
"993",2020-08-17,985,"blogdown"
"994",2020-08-18,2469,"blogdown"
"995",2020-08-19,2103,"blogdown"
"996",2020-08-20,195,"blogdown"
"997",2020-08-21,222,"blogdown"
"998",2020-08-22,143,"blogdown"
"999",2020-08-23,179,"blogdown"
"1000",2020-08-24,233,"blogdown"
"1001",2020-08-25,261,"blogdown"
"1002",2020-08-26,320,"blogdown"
"1003",2020-08-27,306,"blogdown"
"1004",2020-08-28,357,"blogdown"
"1005",2020-08-29,214,"blogdown"
"1006",2020-08-30,1052,"blogdown"
"1007",2020-08-31,215,"blogdown"
"1008",2020-09-01,280,"blogdown"
"1009",2020-09-02,312,"blogdown"
"1010",2020-09-03,331,"blogdown"
"1011",2020-09-04,285,"blogdown"
"1012",2020-09-05,220,"blogdown"
"1013",2020-09-06,267,"blogdown"
"1014",2020-09-07,291,"blogdown"
"1015",2020-09-08,400,"blogdown"
"1016",2020-09-09,404,"blogdown"
"1017",2020-09-10,326,"blogdown"
"1018",2020-09-11,292,"blogdown"
"1019",2020-09-12,181,"blogdown"
"1020",2020-09-13,228,"blogdown"
"1021",2020-09-14,280,"blogdown"
"1022",2020-09-15,251,"blogdown"
"1023",2020-09-16,342,"blogdown"
"1024",2020-09-17,317,"blogdown"
"1025",2020-09-18,283,"blogdown"
"1026",2020-09-19,207,"blogdown"
"1027",2020-09-20,240,"blogdown"
"1028",2020-09-21,338,"blogdown"
"1029",2020-09-22,270,"blogdown"
"1030",2020-09-23,550,"blogdown"
"1031",2020-09-24,339,"blogdown"
"1032",2020-09-25,247,"blogdown"
"1033",2020-09-26,228,"blogdown"
"1034",2020-09-27,257,"blogdown"
"1035",2020-09-28,240,"blogdown"
"1036",2020-09-29,341,"blogdown"
"1037",2020-09-30,383,"blogdown"
"1038",2020-10-01,287,"blogdown"
"1039",2020-10-02,245,"blogdown"
"1040",2020-10-03,235,"blogdown"
"1041",2020-10-04,204,"blogdown"
"1042",2020-10-05,314,"blogdown"
"1043",2020-10-06,323,"blogdown"
"1044",2020-10-07,277,"blogdown"
"1045",2020-10-08,243,"blogdown"
"1046",2020-10-09,268,"blogdown"
"1047",2020-10-10,216,"blogdown"
"1048",2020-10-11,448,"blogdown"
"1049",2020-10-12,565,"blogdown"
"1050",2020-10-13,527,"blogdown"
"1051",2020-10-14,548,"blogdown"
"1052",2020-10-15,430,"blogdown"
"1053",2020-10-16,304,"blogdown"
"1054",2020-10-17,285,"blogdown"
"1055",2020-10-18,305,"blogdown"
"1056",2020-10-19,367,"blogdown"
"1057",2020-10-20,429,"blogdown"
"1058",2020-10-21,419,"blogdown"
"1059",2020-10-22,355,"blogdown"
"1060",2020-10-23,264,"blogdown"
"1061",2020-10-24,240,"blogdown"
"1062",2020-10-25,255,"blogdown"
"1063",2020-10-26,312,"blogdown"
"1064",2020-10-27,348,"blogdown"
"1065",2020-10-28,284,"blogdown"
"1066",2020-10-29,300,"blogdown"
"1067",2020-10-30,298,"blogdown"
"1068",2020-10-31,192,"blogdown"
"1069",2020-11-01,206,"blogdown"
"1070",2020-11-02,255,"blogdown"
"1071",2020-11-03,319,"blogdown"
"1072",2020-11-04,254,"blogdown"
"1073",2020-11-05,303,"blogdown"
"1074",2020-11-06,314,"blogdown"
"1075",2020-11-07,216,"blogdown"
"1076",2020-11-08,270,"blogdown"
"1077",2020-11-09,239,"blogdown"
"1078",2020-11-10,376,"blogdown"
"1079",2020-11-11,378,"blogdown"
"1080",2020-11-12,328,"blogdown"
"1081",2020-11-13,390,"blogdown"
"1082",2020-11-14,242,"blogdown"
"1083",2020-11-15,280,"blogdown"
"1084",2020-11-16,358,"blogdown"
"1085",2020-11-17,438,"blogdown"
"1086",2020-11-18,369,"blogdown"
"1087",2020-11-19,360,"blogdown"
"1088",2020-11-20,311,"blogdown"
"1089",2020-11-21,284,"blogdown"
"1090",2020-11-22,281,"blogdown"
"1091",2020-11-23,350,"blogdown"
"1092",2020-11-24,342,"blogdown"
"1093",2020-11-25,265,"blogdown"
"1094",2020-11-26,246,"blogdown"
"1095",2020-11-27,213,"blogdown"
"1096",2020-11-28,210,"blogdown"
"1097",2020-11-29,189,"blogdown"
"1098",2020-11-30,276,"blogdown"
"1099",2020-12-01,309,"blogdown"
"1100",2020-12-02,385,"blogdown"
"1101",2020-12-03,253,"blogdown"
"1102",2020-12-04,232,"blogdown"
"1103",2020-12-05,202,"blogdown"
"1104",2020-12-06,203,"blogdown"
"1105",2020-12-07,296,"blogdown"
"1106",2020-12-08,219,"blogdown"
"1107",2020-12-09,277,"blogdown"
"1108",2020-12-10,247,"blogdown"
"1109",2020-12-11,266,"blogdown"
"1110",2020-12-12,196,"blogdown"
"1111",2020-12-13,192,"blogdown"
"1112",2020-12-14,226,"blogdown"
"1113",2020-12-15,235,"blogdown"
"1114",2020-12-16,231,"blogdown"
"1115",2020-12-17,277,"blogdown"
"1116",2020-12-18,215,"blogdown"
"1117",2020-12-19,150,"blogdown"
"1118",2020-12-20,166,"blogdown"
"1119",2020-12-21,269,"blogdown"
"1120",2020-12-22,289,"blogdown"
"1121",2020-12-23,259,"blogdown"
"1122",2020-12-24,156,"blogdown"
"1123",2020-12-25,135,"blogdown"
"1124",2020-12-26,176,"blogdown"
"1125",2020-12-27,178,"blogdown"
"1126",2020-12-28,227,"blogdown"
"1127",2020-12-29,221,"blogdown"
"1128",2020-12-30,235,"blogdown"
"1129",2020-12-31,196,"blogdown"
"1130",2021-01-01,170,"blogdown"
"1131",2021-01-02,152,"blogdown"
"1132",2021-01-03,200,"blogdown"
"1133",2021-01-04,251,"blogdown"
"1134",2021-01-05,262,"blogdown"
"1135",2021-01-06,307,"blogdown"
"1136",2021-01-07,239,"blogdown"
"1137",2021-01-08,203,"blogdown"
"1138",2021-01-09,400,"blogdown"
"1139",2021-01-10,382,"blogdown"
"1140",2021-01-11,592,"blogdown"
"1141",2021-01-12,444,"blogdown"
"1142",2021-01-13,417,"blogdown"
"1143",2021-01-14,312,"blogdown"
"1144",2021-01-15,262,"blogdown"
"1145",2021-01-16,259,"blogdown"
"1146",2021-01-17,259,"blogdown"
"1147",2021-01-18,353,"blogdown"
"1148",2021-01-19,579,"blogdown"
"1149",2021-01-20,692,"blogdown"
"1150",2021-01-21,494,"blogdown"
"1151",2021-01-22,474,"blogdown"
"1152",2021-01-23,383,"blogdown"
"1153",2021-01-24,354,"blogdown"
"1154",2021-01-25,473,"blogdown"
"1155",2021-01-26,432,"blogdown"
"1156",2021-01-27,380,"blogdown"
"1157",2021-01-28,251,"blogdown"
"1158",2021-01-29,304,"blogdown"
"1159",2021-01-30,260,"blogdown"
"1160",2021-01-31,262,"blogdown"
"1161",2021-02-01,368,"blogdown"
"1162",2021-02-02,313,"blogdown"
"1163",2021-02-03,370,"blogdown"
"1164",2021-02-04,333,"blogdown"
"1165",2021-02-05,283,"blogdown"
"1166",2021-02-06,229,"blogdown"
"1167",2021-02-07,264,"blogdown"
"1168",2021-02-08,249,"blogdown"
"1169",2021-02-09,284,"blogdown"
"1170",2021-02-10,311,"blogdown"
"1171",2021-02-11,265,"blogdown"
"1172",2021-02-12,276,"blogdown"
"1173",2021-02-13,263,"blogdown"
"1174",2021-02-14,222,"blogdown"
"1175",2021-02-15,342,"blogdown"
"1176",2021-02-16,302,"blogdown"
"1177",2021-02-17,326,"blogdown"
"1178",2021-02-18,330,"blogdown"
"1179",2021-02-19,270,"blogdown"
"1180",2021-02-20,220,"blogdown"
"1181",2021-02-21,220,"blogdown"
"1182",2021-02-22,290,"blogdown"
"1183",2021-02-23,278,"blogdown"
"1184",2021-02-24,357,"blogdown"
"1185",2021-02-25,316,"blogdown"
"1186",2021-02-26,269,"blogdown"
"1187",2021-02-27,247,"blogdown"
"1188",2021-02-28,238,"blogdown"
"1189",2021-03-01,280,"blogdown"
"1190",2021-03-02,285,"blogdown"
"1191",2021-03-03,380,"blogdown"
"1192",2021-03-04,585,"blogdown"
"1193",2021-03-05,583,"blogdown"
"1194",2021-03-06,342,"blogdown"
"1195",2021-03-07,303,"blogdown"
"1196",2021-03-08,423,"blogdown"
"1197",2021-03-09,401,"blogdown"
"1198",2021-03-10,484,"blogdown"
"1199",2021-03-11,361,"blogdown"
"1200",2021-03-12,383,"blogdown"
"1201",2021-03-13,293,"blogdown"
"1202",2021-03-14,290,"blogdown"
"1203",2021-03-15,369,"blogdown"
"1204",2021-03-16,316,"blogdown"
"1205",2021-03-17,390,"blogdown"
"1206",2021-03-18,304,"blogdown"
"1207",2021-03-19,296,"blogdown"
"1208",2021-03-20,246,"blogdown"
"1209",2021-03-21,220,"blogdown"
"1210",2021-03-22,389,"blogdown"
"1211",2021-03-23,306,"blogdown"
"1212",2021-03-24,317,"blogdown"
"1213",2021-03-25,274,"blogdown"
"1214",2021-03-26,279,"blogdown"
"1215",2021-03-27,254,"blogdown"
"1216",2021-03-28,242,"blogdown"
"1217",2021-03-29,244,"blogdown"
"1218",2021-03-30,262,"blogdown"
"1219",2021-03-31,313,"blogdown"
"1220",2021-04-01,319,"blogdown"
"1221",2021-04-02,241,"blogdown"
"1222",2021-04-03,284,"blogdown"
"1223",2021-04-04,171,"blogdown"
"1224",2021-04-05,226,"blogdown"
"1225",2021-04-06,234,"blogdown"
"1226",2021-04-07,305,"blogdown"
"1227",2021-04-08,277,"blogdown"
"1228",2021-04-09,231,"blogdown"
"1229",2021-04-10,180,"blogdown"
"1230",2021-04-11,198,"blogdown"
"1231",2021-04-12,239,"blogdown"
"1232",2021-04-13,223,"blogdown"
"1233",2021-04-14,410,"blogdown"
"1234",2021-04-15,512,"blogdown"
"1235",2021-04-16,473,"blogdown"
"1236",2021-04-17,316,"blogdown"
"1237",2021-04-18,327,"blogdown"
"1238",2021-04-19,379,"blogdown"
"1239",2021-04-20,355,"blogdown"
"1240",2021-04-21,353,"blogdown"
"1241",2021-04-22,340,"blogdown"
"1242",2021-04-23,241,"blogdown"
"1243",2021-04-24,242,"blogdown"
"1244",2021-04-25,194,"blogdown"
"1245",2021-04-26,319,"blogdown"
"1246",2021-04-27,281,"blogdown"
"1247",2021-04-28,360,"blogdown"
"1248",2021-04-29,261,"blogdown"
"1249",2021-04-30,207,"blogdown"
"1250",2021-05-01,239,"blogdown"
"1251",2021-05-02,231,"blogdown"
"1252",2021-05-03,292,"blogdown"
"1253",2021-05-04,237,"blogdown"
"1254",2021-05-05,269,"blogdown"
"1255",2021-05-06,293,"blogdown"
"1256",2021-05-07,198,"blogdown"
"1257",2021-05-08,242,"blogdown"
"1258",2021-05-09,175,"blogdown"
"1259",2021-05-10,291,"blogdown"
"1260",2021-05-11,267,"blogdown"
"1261",2021-05-12,328,"blogdown"
"1262",2021-05-13,246,"blogdown"
"1263",2021-05-14,312,"blogdown"
"1264",2021-05-15,239,"blogdown"
"1265",2021-05-16,278,"blogdown"
"1266",2021-05-17,399,"blogdown"
"1267",2021-05-18,506,"blogdown"
"1268",2021-05-19,521,"blogdown"
"1269",2021-05-20,397,"blogdown"
"1270",2021-05-21,300,"blogdown"
"1271",2021-05-22,285,"blogdown"
"1272",2021-05-23,184,"blogdown"
"1273",2021-05-24,255,"blogdown"
"1274",2021-05-25,305,"blogdown"
"1275",2021-05-26,351,"blogdown"
"1276",2021-05-27,251,"blogdown"
"1277",2021-05-28,322,"blogdown"
"1278",2021-05-29,160,"blogdown"
"1279",2021-05-30,408,"blogdown"
"1280",2021-05-31,326,"blogdown"
"1281",2021-06-01,270,"blogdown"
"1282",2021-06-02,230,"blogdown"
"1283",2021-06-03,288,"blogdown"
"1284",2021-06-04,187,"blogdown"
"1285",2021-06-05,151,"blogdown"
"1286",2021-06-06,242,"blogdown"
"1287",2021-06-07,233,"blogdown"
"1288",2021-06-08,256,"blogdown"
"1289",2021-06-09,293,"blogdown"
"1290",2021-06-10,226,"blogdown"
"1291",2021-06-11,260,"blogdown"
"1292",2021-06-12,168,"blogdown"
"1293",2021-06-13,212,"blogdown"
"1294",2021-06-14,250,"blogdown"
"1295",2021-06-15,360,"blogdown"
"1296",2021-06-16,405,"blogdown"
"1297",2021-06-17,360,"blogdown"
"1298",2021-06-18,378,"blogdown"
"1299",2021-06-19,293,"blogdown"
"1300",2021-06-20,352,"blogdown"
"1301",2021-06-21,358,"blogdown"
"1302",2021-06-22,435,"blogdown"
"1303",2021-06-23,418,"blogdown"
"1304",2021-06-24,407,"blogdown"
"1305",2021-06-25,323,"blogdown"
"1306",2021-06-26,366,"blogdown"
"1307",2021-06-27,349,"blogdown"
"1308",2021-06-28,445,"blogdown"
"1309",2021-06-29,330,"blogdown"
"1310",2021-06-30,411,"blogdown"
"1311",2021-07-01,220,"blogdown"
"1312",2021-07-02,218,"blogdown"
"1313",2021-07-03,204,"blogdown"
"1314",2021-07-04,153,"blogdown"
"1315",2021-07-05,279,"blogdown"
"1316",2021-07-06,262,"blogdown"
"1317",2021-07-07,312,"blogdown"
"1318",2021-07-08,285,"blogdown"
"1319",2021-07-09,203,"blogdown"
"1320",2021-07-10,204,"blogdown"
"1321",2021-07-11,160,"blogdown"
"1322",2021-07-12,243,"blogdown"
"1323",2021-07-13,185,"blogdown"
"1324",2021-07-14,299,"blogdown"
"1325",2021-07-15,172,"blogdown"
"1326",2021-07-16,243,"blogdown"
"1327",2021-07-17,159,"blogdown"
"1328",2021-07-18,190,"blogdown"
"1329",2021-07-19,172,"blogdown"
"1330",2021-07-20,233,"blogdown"
"1331",2021-07-21,225,"blogdown"
"1332",2021-07-22,232,"blogdown"
"1333",2021-07-23,299,"blogdown"
"1334",2021-07-24,320,"blogdown"
"1335",2021-07-25,297,"blogdown"
"1336",2021-07-26,401,"blogdown"
"1337",2021-07-27,337,"blogdown"
"1338",2021-07-28,331,"blogdown"
"1339",2021-07-29,218,"blogdown"
"1340",2021-07-30,265,"blogdown"
"1341",2021-07-31,206,"blogdown"
"1342",2021-08-01,232,"blogdown"
"1343",2021-08-02,230,"blogdown"
"1344",2021-08-03,290,"blogdown"
"1345",2021-08-04,359,"blogdown"
"1346",2021-08-05,280,"blogdown"
"1347",2021-08-06,234,"blogdown"
"1348",2021-08-07,208,"blogdown"
"1349",2021-08-08,199,"blogdown"
"1350",2021-08-09,288,"blogdown"
"1351",2021-08-10,223,"blogdown"
"1352",2021-08-11,282,"blogdown"
"1353",2021-08-12,201,"blogdown"
"1354",2021-08-13,227,"blogdown"
"1355",2021-08-14,187,"blogdown"
"1356",2021-08-15,207,"blogdown"
"1357",2021-08-16,230,"blogdown"
"1358",2021-08-17,182,"blogdown"
"1359",2021-08-18,273,"blogdown"
"1360",2021-08-19,290,"blogdown"
"1361",2021-08-20,226,"blogdown"
"1362",2021-08-21,183,"blogdown"
"1363",2021-08-22,191,"blogdown"
"1364",2021-08-23,222,"blogdown"
"1365",2021-08-24,228,"blogdown"
"1366",2021-08-25,279,"blogdown"
"1367",2021-08-26,227,"blogdown"
"1368",2021-08-27,301,"blogdown"
"1369",2021-08-28,205,"blogdown"
"1370",2021-08-29,173,"blogdown"
"1371",2021-08-30,229,"blogdown"
"1372",2021-08-31,260,"blogdown"
"1373",2021-09-01,399,"blogdown"
"1374",2021-09-02,387,"blogdown"
"1375",2021-09-03,526,"blogdown"
"1376",2021-09-04,280,"blogdown"
"1377",2021-09-05,299,"blogdown"
"1378",2021-09-06,381,"blogdown"
"1379",2021-09-07,344,"blogdown"
"1380",2021-09-08,405,"blogdown"
"1381",2021-09-09,338,"blogdown"
"1382",2021-09-10,346,"blogdown"
"1383",2021-09-11,208,"blogdown"
"1384",2021-09-12,269,"blogdown"
"1385",2021-09-13,294,"blogdown"
"1386",2021-09-14,320,"blogdown"
"1387",2021-09-15,317,"blogdown"
"1388",2021-09-16,316,"blogdown"
"1389",2021-09-17,445,"blogdown"
"1390",2021-09-18,416,"blogdown"
"1391",2021-09-19,193,"blogdown"
"1392",2021-09-20,283,"blogdown"
"1393",2021-09-21,230,"blogdown"
"1394",2021-09-22,291,"blogdown"
"1395",2021-09-23,223,"blogdown"
"1396",2021-09-24,241,"blogdown"
"1397",2021-09-25,187,"blogdown"
"1398",2021-09-26,205,"blogdown"
"1399",2021-09-27,214,"blogdown"
"1400",2021-09-28,250,"blogdown"
"1401",2021-09-29,260,"blogdown"
"1402",2021-09-30,235,"blogdown"
"1403",2021-10-01,240,"blogdown"
"1404",2021-10-02,196,"blogdown"
"1405",2021-10-03,200,"blogdown"
"1406",2021-10-04,473,"blogdown"
"1407",2021-10-05,247,"blogdown"
"1408",2021-10-06,269,"blogdown"
"1409",2021-10-07,209,"blogdown"
"1410",2021-10-08,238,"blogdown"
"1411",2021-10-09,190,"blogdown"
"1412",2021-10-10,215,"blogdown"
"1413",2021-10-11,384,"blogdown"
"1414",2021-10-12,269,"blogdown"
"1415",2021-10-13,364,"blogdown"
"1416",2021-10-14,322,"blogdown"
"1417",2021-10-15,285,"blogdown"
"1418",2021-10-16,185,"blogdown"
"1419",2021-10-17,219,"blogdown"
"1420",2021-10-18,261,"blogdown"
"1421",2021-10-19,257,"blogdown"
"1422",2021-10-20,312,"blogdown"
"1423",2021-10-21,245,"blogdown"
"1424",2021-10-22,197,"blogdown"
"1425",2021-10-23,177,"blogdown"
"1426",2021-10-24,182,"blogdown"
"1427",2021-10-25,246,"blogdown"
"1428",2021-10-26,279,"blogdown"
"1429",2021-10-27,480,"blogdown"
"1430",2021-10-28,417,"blogdown"
"1431",2021-10-29,377,"blogdown"
"1432",2021-10-30,365,"blogdown"
"1433",2021-10-31,372,"blogdown"
"1434",2021-11-01,421,"blogdown"
"1435",2021-11-02,402,"blogdown"
"1436",2021-11-03,385,"blogdown"
"1437",2021-11-04,314,"blogdown"
"1438",2021-11-05,283,"blogdown"
"1439",2021-11-06,184,"blogdown"
"1440",2021-11-07,276,"blogdown"
"1441",2021-11-08,310,"blogdown"
"1442",2021-11-09,347,"blogdown"
"1443",2021-11-10,549,"blogdown"
"1444",2021-11-11,382,"blogdown"
"1445",2021-11-12,347,"blogdown"
"1446",2021-11-13,285,"blogdown"
"1447",2021-11-14,291,"blogdown"
"1448",2021-11-15,379,"blogdown"
"1449",2021-11-16,286,"blogdown"
"1450",2021-11-17,298,"blogdown"
"1451",2021-11-18,353,"blogdown"
"1452",2021-11-19,269,"blogdown"
"1453",2021-11-20,239,"blogdown"
"1454",2021-11-21,331,"blogdown"
"1455",2021-11-22,264,"blogdown"
"1456",2021-11-23,275,"blogdown"
"1457",2021-11-24,283,"blogdown"
"1458",2021-11-25,266,"blogdown"
"1459",2021-11-26,231,"blogdown"
"1460",2021-11-27,242,"blogdown"
"1461",2021-11-28,200,"blogdown"
"1462",2021-11-29,315,"blogdown"
"1463",2021-11-30,267,"blogdown"
"1464",2021-12-01,348,"blogdown"
